<?xml version="1.0" encoding="UTF-8"?><?xml-stylesheet type='text/xsl' href='_UpgradeReport_Files/UpgradeReport.xslt'?><UpgradeLog>
<Properties><Property Name="Solution" Value="WebbIE3">
</Property><Property Name="Solution File" Value="C:\Users\Alasdair\Documents\accessible\WebbIE 4\WebbIE3.NET\WebbIE3.sln">
</Property><Property Name="User Options File" Value="C:\Users\Alasdair\Documents\accessible\WebbIE 4\WebbIE3.NET\WebbIE3.suo">
</Property><Property Name="Date" Value="31 July 2011">
</Property><Property Name="Time" Value="22:17">
</Property></Properties><Event ErrorLevel="0" Project="" Source="WebbIE3.sln" Description="File successfully backed up as C:\Users\Alasdair\Documents\accessible\WebbIE 4\WebbIE3.NET\Backup\WebbIE3.sln">
</Event><Event ErrorLevel="0" Project="" Source="WebbIE3.suo" Description="File successfully backed up as C:\Users\Alasdair\Documents\accessible\WebbIE 4\WebbIE3.NET\Backup\WebbIE3.suo">
</Event><Event ErrorLevel="0" Project="WebbIE3" Source="WebbIE3.vbproj" Description="Project file successfully backed up as C:\Users\Alasdair\Documents\accessible\WebbIE 4\WebbIE3.NET\Backup\WebbIE3.vbproj">
</Event><Event ErrorLevel="0" Project="WebbIE3" Source="WebbIE3.vbproj.user" Description="Project user file successfully backed up as C:\Users\Alasdair\Documents\accessible\WebbIE 4\WebbIE3.NET\Backup\WebbIE3.vbproj.user">
</Event><Event ErrorLevel="0" Project="WebbIE3" Source="AssemblyInfo.vb" Description="File successfully backed up as C:\Users\Alasdair\Documents\accessible\WebbIE 4\WebbIE3.NET\Backup\AssemblyInfo.vb">
</Event><Event ErrorLevel="0" Project="WebbIE3" Source="clsBackForwardsHandler.vb" Description="File successfully backed up as C:\Users\Alasdair\Documents\accessible\WebbIE 4\WebbIE3.NET\Backup\clsBackForwardsHandler.vb">
</Event><Event ErrorLevel="0" Project="WebbIE3" Source="clsBookmark.vb" Description="File successfully backed up as C:\Users\Alasdair\Documents\accessible\WebbIE 4\WebbIE3.NET\Backup\clsBookmark.vb">
</Event><Event ErrorLevel="0" Project="WebbIE3" Source="frmDownloadProgress.Designer.vb" Description="File successfully backed up as C:\Users\Alasdair\Documents\accessible\WebbIE 4\WebbIE3.NET\Backup\frmDownloadProgress.Designer.vb">
</Event><Event ErrorLevel="0" Project="WebbIE3" Source="frmDownloadProgress.vb" Description="File successfully backed up as C:\Users\Alasdair\Documents\accessible\WebbIE 4\WebbIE3.NET\Backup\frmDownloadProgress.vb">
</Event><Event ErrorLevel="0" Project="WebbIE3" Source="frmGoogle.Designer.vb" Description="File successfully backed up as C:\Users\Alasdair\Documents\accessible\WebbIE 4\WebbIE3.NET\Backup\frmGoogle.Designer.vb">
</Event><Event ErrorLevel="0" Project="WebbIE3" Source="frmGoogle.vb" Description="File successfully backed up as C:\Users\Alasdair\Documents\accessible\WebbIE 4\WebbIE3.NET\Backup\frmGoogle.vb">
</Event><Event ErrorLevel="0" Project="WebbIE3" Source="frmLanguage.Designer.vb" Description="File successfully backed up as C:\Users\Alasdair\Documents\accessible\WebbIE 4\WebbIE3.NET\Backup\frmLanguage.Designer.vb">
</Event><Event ErrorLevel="0" Project="WebbIE3" Source="frmLanguage.vb" Description="File successfully backed up as C:\Users\Alasdair\Documents\accessible\WebbIE 4\WebbIE3.NET\Backup\frmLanguage.vb">
</Event><Event ErrorLevel="0" Project="WebbIE3" Source="frmLinks.Designer.vb" Description="File successfully backed up as C:\Users\Alasdair\Documents\accessible\WebbIE 4\WebbIE3.NET\Backup\frmLinks.Designer.vb">
</Event><Event ErrorLevel="0" Project="WebbIE3" Source="frmLinks.vb" Description="File successfully backed up as C:\Users\Alasdair\Documents\accessible\WebbIE 4\WebbIE3.NET\Backup\frmLinks.vb">
</Event><Event ErrorLevel="0" Project="WebbIE3" Source="frmLocationGetter.Designer.vb" Description="File successfully backed up as C:\Users\Alasdair\Documents\accessible\WebbIE 4\WebbIE3.NET\Backup\frmLocationGetter.Designer.vb">
</Event><Event ErrorLevel="0" Project="WebbIE3" Source="frmLocationGetter.vb" Description="File successfully backed up as C:\Users\Alasdair\Documents\accessible\WebbIE 4\WebbIE3.NET\Backup\frmLocationGetter.vb">
</Event><Event ErrorLevel="0" Project="WebbIE3" Source="frmMain.Designer.vb" Description="File successfully backed up as C:\Users\Alasdair\Documents\accessible\WebbIE 4\WebbIE3.NET\Backup\frmMain.Designer.vb">
</Event><Event ErrorLevel="0" Project="WebbIE3" Source="frmMain.vb" Description="File successfully backed up as C:\Users\Alasdair\Documents\accessible\WebbIE 4\WebbIE3.NET\Backup\frmMain.vb">
</Event><Event ErrorLevel="0" Project="WebbIE3" Source="frmParseHTMLHelp.Designer.vb" Description="File successfully backed up as C:\Users\Alasdair\Documents\accessible\WebbIE 4\WebbIE3.NET\Backup\frmParseHTMLHelp.Designer.vb">
</Event><Event ErrorLevel="0" Project="WebbIE3" Source="frmParseHTMLHelp.vb" Description="File successfully backed up as C:\Users\Alasdair\Documents\accessible\WebbIE 4\WebbIE3.NET\Backup\frmParseHTMLHelp.vb">
</Event><Event ErrorLevel="0" Project="WebbIE3" Source="frmRSS.Designer.vb" Description="File successfully backed up as C:\Users\Alasdair\Documents\accessible\WebbIE 4\WebbIE3.NET\Backup\frmRSS.Designer.vb">
</Event><Event ErrorLevel="0" Project="WebbIE3" Source="frmRSS.vb" Description="File successfully backed up as C:\Users\Alasdair\Documents\accessible\WebbIE 4\WebbIE3.NET\Backup\frmRSS.vb">
</Event><Event ErrorLevel="0" Project="WebbIE3" Source="frmSelect.Designer.vb" Description="File successfully backed up as C:\Users\Alasdair\Documents\accessible\WebbIE 4\WebbIE3.NET\Backup\frmSelect.Designer.vb">
</Event><Event ErrorLevel="0" Project="WebbIE3" Source="frmSelect.vb" Description="File successfully backed up as C:\Users\Alasdair\Documents\accessible\WebbIE 4\WebbIE3.NET\Backup\frmSelect.vb">
</Event><Event ErrorLevel="0" Project="WebbIE3" Source="frmTextareaInput.Designer.vb" Description="File successfully backed up as C:\Users\Alasdair\Documents\accessible\WebbIE 4\WebbIE3.NET\Backup\frmTextareaInput.Designer.vb">
</Event><Event ErrorLevel="0" Project="WebbIE3" Source="frmTextareaInput.vb" Description="File successfully backed up as C:\Users\Alasdair\Documents\accessible\WebbIE 4\WebbIE3.NET\Backup\frmTextareaInput.vb">
</Event><Event ErrorLevel="0" Project="WebbIE3" Source="frmTextView.Designer.vb" Description="File successfully backed up as C:\Users\Alasdair\Documents\accessible\WebbIE 4\WebbIE3.NET\Backup\frmTextView.Designer.vb">
</Event><Event ErrorLevel="0" Project="WebbIE3" Source="frmTextView.vb" Description="File successfully backed up as C:\Users\Alasdair\Documents\accessible\WebbIE 4\WebbIE3.NET\Backup\frmTextView.vb">
</Event><Event ErrorLevel="0" Project="WebbIE3" Source="modAccesskeys.vb" Description="File successfully backed up as C:\Users\Alasdair\Documents\accessible\WebbIE 4\WebbIE3.NET\Backup\modAccesskeys.vb">
</Event><Event ErrorLevel="0" Project="WebbIE3" Source="modAPIDeclarations.vb" Description="File successfully backed up as C:\Users\Alasdair\Documents\accessible\WebbIE 4\WebbIE3.NET\Backup\modAPIDeclarations.vb">
</Event><Event ErrorLevel="0" Project="WebbIE3" Source="modAPIFunctions.vb" Description="File successfully backed up as C:\Users\Alasdair\Documents\accessible\WebbIE 4\WebbIE3.NET\Backup\modAPIFunctions.vb">
</Event><Event ErrorLevel="0" Project="WebbIE3" Source="modChangehomepage.vb" Description="File successfully backed up as C:\Users\Alasdair\Documents\accessible\WebbIE 4\WebbIE3.NET\Backup\modChangehomepage.vb">
</Event><Event ErrorLevel="0" Project="WebbIE3" Source="modCharacterSupport.vb" Description="File successfully backed up as C:\Users\Alasdair\Documents\accessible\WebbIE 4\WebbIE3.NET\Backup\modCharacterSupport.vb">
</Event><Event ErrorLevel="0" Project="WebbIE3" Source="modCommandProcessor.vb" Description="File successfully backed up as C:\Users\Alasdair\Documents\accessible\WebbIE 4\WebbIE3.NET\Backup\modCommandProcessor.vb">
</Event><Event ErrorLevel="0" Project="WebbIE3" Source="modExplorerVersion.vb" Description="File successfully backed up as C:\Users\Alasdair\Documents\accessible\WebbIE 4\WebbIE3.NET\Backup\modExplorerVersion.vb">
</Event><Event ErrorLevel="0" Project="WebbIE3" Source="modFormLabelHandler.vb" Description="File successfully backed up as C:\Users\Alasdair\Documents\accessible\WebbIE 4\WebbIE3.NET\Backup\modFormLabelHandler.vb">
</Event><Event ErrorLevel="0" Project="WebbIE3" Source="modGlobals.vb" Description="File successfully backed up as C:\Users\Alasdair\Documents\accessible\WebbIE 4\WebbIE3.NET\Backup\modGlobals.vb">
</Event><Event ErrorLevel="0" Project="WebbIE3" Source="modHTTPGetter.vb" Description="File successfully backed up as C:\Users\Alasdair\Documents\accessible\WebbIE 4\WebbIE3.NET\Backup\modHTTPGetter.vb">
</Event><Event ErrorLevel="0" Project="WebbIE3" Source="modI18N.vb" Description="File successfully backed up as C:\Users\Alasdair\Documents\accessible\WebbIE 4\WebbIE3.NET\Backup\modI18N.vb">
</Event><Event ErrorLevel="0" Project="WebbIE3" Source="modIniFile.vb" Description="File successfully backed up as C:\Users\Alasdair\Documents\accessible\WebbIE 4\WebbIE3.NET\Backup\modIniFile.vb">
</Event><Event ErrorLevel="0" Project="WebbIE3" Source="modInternalTargets.vb" Description="File successfully backed up as C:\Users\Alasdair\Documents\accessible\WebbIE 4\WebbIE3.NET\Backup\modInternalTargets.vb">
</Event><Event ErrorLevel="0" Project="WebbIE3" Source="modKeys.vb" Description="File successfully backed up as C:\Users\Alasdair\Documents\accessible\WebbIE 4\WebbIE3.NET\Backup\modKeys.vb">
</Event><Event ErrorLevel="0" Project="WebbIE3" Source="modMakeDefault.vb" Description="File successfully backed up as C:\Users\Alasdair\Documents\accessible\WebbIE 4\WebbIE3.NET\Backup\modMakeDefault.vb">
</Event><Event ErrorLevel="0" Project="WebbIE3" Source="modParseA.vb" Description="File successfully backed up as C:\Users\Alasdair\Documents\accessible\WebbIE 4\WebbIE3.NET\Backup\modParseA.vb">
</Event><Event ErrorLevel="0" Project="WebbIE3" Source="modParseAsText.vb" Description="File successfully backed up as C:\Users\Alasdair\Documents\accessible\WebbIE 4\WebbIE3.NET\Backup\modParseAsText.vb">
</Event><Event ErrorLevel="0" Project="WebbIE3" Source="modParseHTML.vb" Description="File successfully backed up as C:\Users\Alasdair\Documents\accessible\WebbIE 4\WebbIE3.NET\Backup\modParseHTML.vb">
</Event><Event ErrorLevel="0" Project="WebbIE3" Source="modPath.vb" Description="File successfully backed up as C:\Users\Alasdair\Documents\accessible\WebbIE 4\WebbIE3.NET\Backup\modPath.vb">
</Event><Event ErrorLevel="0" Project="WebbIE3" Source="modPopupHelp.vb" Description="File successfully backed up as C:\Users\Alasdair\Documents\accessible\WebbIE 4\WebbIE3.NET\Backup\modPopupHelp.vb">
</Event><Event ErrorLevel="0" Project="WebbIE3" Source="modRSS.vb" Description="File successfully backed up as C:\Users\Alasdair\Documents\accessible\WebbIE 4\WebbIE3.NET\Backup\modRSS.vb">
</Event><Event ErrorLevel="0" Project="WebbIE3" Source="modScriptErrors.vb" Description="File successfully backed up as C:\Users\Alasdair\Documents\accessible\WebbIE 4\WebbIE3.NET\Backup\modScriptErrors.vb">
</Event><Event ErrorLevel="0" Project="WebbIE3" Source="modSounds.vb" Description="File successfully backed up as C:\Users\Alasdair\Documents\accessible\WebbIE 4\WebbIE3.NET\Backup\modSounds.vb">
</Event><Event ErrorLevel="0" Project="WebbIE3" Source="modStart.vb" Description="File successfully backed up as C:\Users\Alasdair\Documents\accessible\WebbIE 4\WebbIE3.NET\Backup\modStart.vb">
</Event><Event ErrorLevel="0" Project="WebbIE3" Source="modUpdate.vb" Description="File successfully backed up as C:\Users\Alasdair\Documents\accessible\WebbIE 4\WebbIE3.NET\Backup\modUpdate.vb">
</Event><Event ErrorLevel="0" Project="WebbIE3" Source="modVersion.vb" Description="File successfully backed up as C:\Users\Alasdair\Documents\accessible\WebbIE 4\WebbIE3.NET\Backup\modVersion.vb">
</Event><Event ErrorLevel="0" Project="WebbIE3" Source="modZoom.vb" Description="File successfully backed up as C:\Users\Alasdair\Documents\accessible\WebbIE 4\WebbIE3.NET\Backup\modZoom.vb">
</Event><Event ErrorLevel="0" Project="WebbIE3" Source="My Project\Resources.Designer.vb" Description="File successfully backed up as C:\Users\Alasdair\Documents\accessible\WebbIE 4\WebbIE3.NET\Backup\My Project\Resources.Designer.vb">
</Event><Event ErrorLevel="0" Project="WebbIE3" Source="_UpgradeReport.htm" Description="File successfully backed up as C:\Users\Alasdair\Documents\accessible\WebbIE 4\WebbIE3.NET\Backup\_UpgradeReport.htm">
</Event><Event ErrorLevel="0" Project="WebbIE3" Source="WebbIE3.ico" Description="File successfully backed up as C:\Users\Alasdair\Documents\accessible\WebbIE 4\WebbIE3.NET\Backup\WebbIE3.ico">
</Event><Event ErrorLevel="0" Project="WebbIE3" Source="frmDownloadProgress.resX" Description="File successfully backed up as C:\Users\Alasdair\Documents\accessible\WebbIE 4\WebbIE3.NET\Backup\frmDownloadProgress.resX">
</Event><Event ErrorLevel="0" Project="WebbIE3" Source="frmGoogle.resX" Description="File successfully backed up as C:\Users\Alasdair\Documents\accessible\WebbIE 4\WebbIE3.NET\Backup\frmGoogle.resX">
</Event><Event ErrorLevel="0" Project="WebbIE3" Source="frmLanguage.resX" Description="File successfully backed up as C:\Users\Alasdair\Documents\accessible\WebbIE 4\WebbIE3.NET\Backup\frmLanguage.resX">
</Event><Event ErrorLevel="0" Project="WebbIE3" Source="frmLinks.resX" Description="File successfully backed up as C:\Users\Alasdair\Documents\accessible\WebbIE 4\WebbIE3.NET\Backup\frmLinks.resX">
</Event><Event ErrorLevel="0" Project="WebbIE3" Source="frmLocationGetter.resX" Description="File successfully backed up as C:\Users\Alasdair\Documents\accessible\WebbIE 4\WebbIE3.NET\Backup\frmLocationGetter.resX">
</Event><Event ErrorLevel="0" Project="WebbIE3" Source="frmMain.resX" Description="File successfully backed up as C:\Users\Alasdair\Documents\accessible\WebbIE 4\WebbIE3.NET\Backup\frmMain.resX">
</Event><Event ErrorLevel="0" Project="WebbIE3" Source="frmParseHTMLHelp.resX" Description="File successfully backed up as C:\Users\Alasdair\Documents\accessible\WebbIE 4\WebbIE3.NET\Backup\frmParseHTMLHelp.resX">
</Event><Event ErrorLevel="0" Project="WebbIE3" Source="frmRSS.resX" Description="File successfully backed up as C:\Users\Alasdair\Documents\accessible\WebbIE 4\WebbIE3.NET\Backup\frmRSS.resX">
</Event><Event ErrorLevel="0" Project="WebbIE3" Source="frmSelect.resX" Description="File successfully backed up as C:\Users\Alasdair\Documents\accessible\WebbIE 4\WebbIE3.NET\Backup\frmSelect.resX">
</Event><Event ErrorLevel="0" Project="WebbIE3" Source="frmTextareaInput.resX" Description="File successfully backed up as C:\Users\Alasdair\Documents\accessible\WebbIE 4\WebbIE3.NET\Backup\frmTextareaInput.resX">
</Event><Event ErrorLevel="0" Project="WebbIE3" Source="frmTextView.resX" Description="File successfully backed up as C:\Users\Alasdair\Documents\accessible\WebbIE 4\WebbIE3.NET\Backup\frmTextView.resX">
</Event><Event ErrorLevel="0" Project="WebbIE3" Source="My Project\Resources.resx" Description="File successfully backed up as C:\Users\Alasdair\Documents\accessible\WebbIE 4\WebbIE3.NET\Backup\My Project\Resources.resx">
</Event><Event ErrorLevel="1" Project="WebbIE3" Source="WebbIE3.vbproj" Description="Your project is targeting .NET Framework 2.0 or 3.0. If your project uses assemblies requiring a newer .NET Framework, your project will fail to build. You can change the .NET Framework version by clicking Properties on the project menu and then selecting a new version in the '.NET Framework' dropdown box. (In Visual Basic, this is located on the Compile tab by clicking the 'Advanced Compiler Options...' button.)">
</Event><Event ErrorLevel="0" Project="WebbIE3" Source="WebbIE3.vbproj" Description="Project converted successfully">
</Event><Event ErrorLevel="3" Project="WebbIE3" Source="WebbIE3.vbproj" Description="Converted">
</Event><Event ErrorLevel="0" Project="" Source="WebbIE3.sln" Description="Solution converted successfully">
</Event><Event ErrorLevel="3" Project="" Source="WebbIE3.sln" Description="Converted">
</Event><Event ErrorLevel="0" Project="WebbIE3" Source="WebbIE3.vbproj" Description="Scan complete: Upgrade not required for project files.">
</Event></UpgradeLog>